jvf_09039_00005849163	ayu wes rodo miring pikirane merga dipedhot pacare
jvf_09039_00666704740	elton john sampun sanjang nanging mboten ènten ingkang nggateaken
jvf_09039_01834447756	petra sihombing bingung milih mangan rujak utawa lonthong balap
jvf_06510_01374545027	kanca sak mejaku omahe ning tangerang
jvf_09039_01125578896	floyd mayweather gak kapok ngantemi wong nang dhukur ring tinju
jvf_02059_01978760820	mbak rumi nyimpen bakso enem_nou bungkus ten lemari wingking
jvf_02059_01764820996	tas cilik sing tak nggo kondangan kae sophie martin lho
jvf_06510_00286630009	miturut ceritane klenthèng_nou-temple sam po kong kuwi turunan saka dewa dewa
jvf_06510_01812435320	kaos billabongku sing tukune bareng awakmu ika saiki wis suwek
jvf_06510_01024171074	jodie foster pancet ngeyel nèk dudu dheke sing nyolong
jvf_09039_00498652091	jeneng bruno mars kuwi jare kanca kancane bruno mars jeneng kuna
jvf_02059_01345055345	rachel amanda nggarap tugas kuliah wiwit isuk nganti wengi
jvf_06510_01774153847	wall street english dadi panggonan les lesan bahasa inggris sing apik sak jakarta
jvf_02059_00330990911	ayame ibu ngendhog wolu gedhe gedhe
jvf_09039_00831956173	angelina sondakh wis ngentekna wektu telung taun nang njero penjara
jvf_09039_01969567638	omahku sing nang ndeso kuwi sandhing pabrik kia motors
jvf_06510_01672686459	luis suarez diwanti wanti ambèk bojone supaya gak lirak lirik wedokan liya
jvf_06510_02087184031	susu duren prodak saking kalimilk
jvf_06510_00716730876	ora usah adoh adoh ning great barrier reef ning kene_adv-here ya akeh njeprah
jvf_06510_01945128546	rezky aditya mendhet yatra gangsal atus yuta
jvf_02059_01588326671	silihan dhuwit seka bank m_letter n_letter c_letter
jvf_06510_00042740068	emma roberts njaitna klambi apik gawe buwuh nang rabine kancane
jvf_06510_01030282451	apa sampeyan ora wedi dituntut karo look indonesia
jvf_02059_01983954705	menapa badhe tindakan dhateng genuk
jvf_06510_00947551075	yayasan obor indonesia saged dipadosi website ipun ten internet
jvf_06510_00343896624	mariana renata wis arep rabi karo fahri nanging ra sida merga beda agamane
jvf_09039_01591669139	paris hilton sakmenika dèrèng kantuk k_letter t_letter p_letter saking pemerentah
jvf_06510_00618996331	kemal pahlevi mlintiri kertas siji siji sampe entek
jvf_09039_01316509169	ikke nurjanah bar ditiliki anak bojone saka luar negeri
jvf_09039_00795667191	napa stabilo niki angsal kula beta mantuk
jvf_06510_00393415852	kula remen mirengake swaranipun donna harun ingkang ngobak toya
jvf_02059_01050156555	numpak taksi wis rolas menit argone kok ora mangklih
jvf_09039_01426913198	teza sumendra mbrebes mili pas krungu akeh wong mati
jvf_09039_00246038515	nèk arep ngedol emas ning w_letter t_letter c_letter mangga dua diregani dhuwur
jvf_09039_00065677732	wali sanga dimakamake ning demak
jvf_02059_01060216059	machu picchu ki sakjane isine mung watu sing bentuke ora nggenah tapi ketok apik
jvf_02059_00625842024	aku kok mesakna karo marvin gaye merga jenenge disalahgunakna
jvf_06510_01345623716	warga desa badhe ngawontenaken musyawarah tanggal nembelas minggu ngajeng
jvf_09039_02023765499	paklik mbukak warung ès ning taman kyai langgeng
jvf_09039_02104970712	alase ponorogo digundhuli karo calo calo kayu
jvf_06510_01407594259	anna kendrick mangkelna ati wong sak kampung merga gak isa teka nyanyi
jvf_09039_00951197749	mau sore solat ning mesjid ning dhaerah petaling jaya
jvf_09039_00497705322	arif njaluk tukokna sabuk anyar digawe upacara meneh
jvf_06510_01778820078	garuda indonesia mabur saking tangerang dhateng bangka belitung wanci tiga langkung sekawan ndasa sonten
jvf_02059_00108886926	lagu lagu rege kae asale soko jamaika
jvf_06510_00739907185	tas chanel niki regine selangkung yuta
jvf_02059_01029907004	apa ning bandhara sultan hassanudin ya
jvf_09039_00984090559	stadion iki kapasitase enem_nou ewu penonton mangkane diarani stadion gedhe
jvf_09039_01390707830	kesha gak gelem gelem temen dikongkon mangan jambu kluthuk
jvf_06510_02124848935	ariel tatum menehi ali ali emas menyang teza
jvf_02059_00535880146	jamuan sing wingi kae ngresmiake museum ing togo
jvf_02059_01993457839	manajerku arep wisata menyang new york sesuk
jvf_09039_01865117512	usia minimal yen arep ndaftar relawan iku patang puluh taun
jvf_09039_01744527298	robert de niro iki ngono mbiyen seduluran apik ambèk aku
jvf_06510_01853232134	roti o_letter rotinipun raos kopi
jvf_06510_01247565751	kimberly rider didhawuhi kalih tiyang sepahe supaya mboten nedhi napa napa
jvf_06510_00895890980	sepatu sing ana hake kae wae ning buccheri
jvf_09039_02075576085	bedane karo pinjaman bank b_letter t_letter n_letter apa
jvf_02059_00778038898	apemipun dikukus setunggal menit malih laminipun
jvf_09039_01722116206	semene wis akeh diproduksi ning gresik
jvf_09039_00615260895	oh iya ding ya hiroshima
jvf_09039_01215849965	kula badhe ndadosaken josh groban réncang kula kagem donya kaliyan akhirat
jvf_06510_01784350161	hadi angon wedhus ben sore sakdurunge budhal ngaji nang langgar
jvf_09039_00781027319	uya kuya sakmenika nate nembang ing ngajenge obama
jvf_09039_00414164589	niki sakmenika nomor tilpun griya kula enol tiga setunggal wolu gangsal wolu sanga sekawan setunggal tiga
jvf_06510_01719496508	penerbangan seka kene_adv-here menyang wolverhampton kira kira patbelas jam luwih sithik
jvf_06510_01139478972	s_letter c_letter t_letter v_letter kuwi bagian saka surya citra media
jvf_06510_01118349026	jesse j_letter-en nuturi supaya kita sedaya mboten ngagung agungaken yatra kaliyan bandha
jvf_09039_01875608014	menawi mboten kesupen mengke kula cathet ing pembukuan taun kalih ewu sewelas
jvf_09039_01679703850	ibu ngasta tas awis damelanipun fendi
jvf_02059_00440786757	mbah uti kangen kutha gombong
jvf_09039_00574978730	penerbangan sing arep ditumpaki nia zulkarnaen iku jadwale jam wolu isuk
jvf_02059_01867681440	manny pacquiao kudu lila kalah teka ali merga ali ancen lebih mantep
jvf_06510_01795504046	pundhake chris martin kecokot tobil anake kadhal
jvf_06510_00528986969	dakota johnson niki mboten saged dipenging panjalukipun
jvf_06510_00975032053	tamara bleszynsky mendel mawon sakdugine saking bandhara
jvf_06510_01837656022	kaca mripat rayban sampun dibeta dhateng parangtritis
jvf_09039_02094290916	bocah bocah isa sinau perkara wayang ing museum wayang
jvf_06510_01411054900	pinangan saking putra ingkang kagungan penerbit k_letter p_letter g_letter dipuntampi
jvf_06510_00967440117	phnom penh mlebet peringkat sedasa kangge kutha ingkang resik lan sehat
jvf_06510_01316069534	kafe sing nggo clubbing pating tlecek ning jimbaran
jvf_09039_00781132944	kendrick lamar dipunparingi kathah kabegjan dhateng gusti allah
jvf_09039_01954947227	ario bayu mantun mbikak kantor enggal ing jakarta
jvf_06510_01816614632	jetstar mboten mbikak penerbangan dugi jakarta
jvf_09039_00397776074	dasaran sadean rujak kangge mitoni mangke jam sekawan seprapat sonten
jvf_09039_00481448648	chotim sak niki dados pegawe ten komunitas bambu
jvf_06510_01741967962	kourtney kardashian bali menyang sidoarjo nitih sepeda montor
jvf_06510_00556490299	arep nyelam ning kepulauan solomon
jvf_06510_02120028726	panjenengan badhe tapa ten trenggalek
jvf_06510_01072054838	ana adu sapi ning lumajang
jvf_06510_00106356579	ana pabrik batubara ning cilegon
jvf_06510_00697857466	mblenek aku ndelok raine mulan jameela
jvf_06510_01003271900	koen jare arep nukokna aku tiket konsere panic at the disco
jvf_06510_01845453914	produke wismilak group saiki wis rada ora payu
jvf_09039_01354371000	ayamipun ibu ngendhog wolu ageng ageng
jvf_06510_00683842593	menika lampu bangjo laminipun ngantos sewelas menit ngantos garing dipunpepe
jvf_09039_01147063704	ya kowe wis luwih saka umur selawe nalika taun rong ewu wolu las
jvf_02059_01941947411	wis ora betah nyambut gawe ning sari andara persada
jvf_06510_02041387723	rafael nadal kalah maneh nang grand slam wimbledon taun iki
jvf_06510_01108878861	monggo dipun pendet mawon rasukan saking new look niki
jvf_09039_00620181519	parfum calvin klein iki ambune énak lho
jvf_06510_00702748075	nadya hutagalung iki wis ayu pinter bahasa inggris sisan
jvf_09039_00979438051	joe biden ditawani main filem dadi ksatria ngalengka
jvf_09039_01208914841	wegah ah pas kae digawe kuciwa karo tikindo kok
jvf_02059_01293752487	astuti wegah nukokna adhine sepatu anyar ben sasi
jvf_06510_01973944599	aplikasi okcupid teng_prep handphone kula sampun kula busek
jvf_09039_00032373228	buku buku fiksi nggo diwaca akeh didol ning pasar loak ning kutha armargh
jvf_09039_00556396230	kula mboten nate mireng sing namine delta air lines
jvf_06510_00366381915	menawi komikipun kakang kula terbitan saking elex media komputindo
jvf_06510_01556162374	tanah karo sampun diwarisaken saking leluhur jaman rumiyin
jvf_02059_01896616920	danone iku ket_nou mbiyen perusahaan sing wis kondhang nang kalangan internasional
jvf_06510_00402589291	jam telu isuk bapak wis tangi arep nindaake solat tahajud
jvf_06510_01914197895	snapchat niku radi angel gegaweane
jvf_09039_01793263928	toya zam zam badhe dipunekspor dhateng serbia
jvf_06510_00890875299	saka terminal aku nyarter taksi gemah ripah tekan kosan
jvf_09039_01023337254	gilang ramadhan mikul beban akeh nang kulawargane
jvf_06510_01000253752	penerbit transmedia punika anak perusahaan pak harry
jvf_09039_00623050385	primus yustisio tumut rombonganipun presiden
jvf_09039_01499678485	mesakake rio febrian ditinggal dhewean nang njero gudang
jvf_09039_01402255626	ningsih wis pengen ndang cepet_adj dilamar ambèk gendhakane
jvf_02059_02029707105	bob marley iki ngunu wis gak onok dadi kowe gak usah nggoleki maneh
jvf_06510_00090231327	apa tahu sumedang kuwi pancen seka sumedang
jvf_06510_00480610087	wak kaji niku nedhi ijol setunggal atus yuta damel montore ingkang kelindes
jvf_06510_01178051907	kerajaanipun badhe diserang musuhipun nagari gowa
jvf_09039_01223538673	ngurmati peresmiane wika realty ning gedhung
jvf_06510_00903337438	ngekos ning kebayoran baru ora aman
jvf_06510_01282997127	mangan sop iga sapi ning pelabuhan cedhak kota malaka
jvf_02059_00527981165	menawi tasih mboten sreg njenengan saged kandha teng_prep kantor pusate pearson
jvf_06510_01507573736	teddy syah niku idepe tumenga ing tawang
jvf_09039_01167311144	ana kecelakaan ning mumbai wingi awan
jvf_06510_00276305383	winona ryder iki mbiyen tau katresnan karo adi
jvf_06510_01753445641	ramzy takon apa bener anake lawa iku jenenge kampret
jvf_09039_00183149296	kapan honda ngetokna montor modelan paling anyar
jvf_02059_02045178848	arif njaluk tukokna sabuk anyar digawe upacara mené_adv-time
jvf_09039_00101535829	tuku donat karo kopi ning j_letter co donuts
jvf_02059_01822807389	p_letter t_letter bintang todjoe saiki wis ora ngetokake puyer obat mumet
jvf_06510_01652914984	ya kira kira telung jam tekan cipanas
jvf_09039_01331933443	klambine shareena rizky dikrikiti tikus nganti bolong gedhe
jvf_09039_00354756552	wonten night market ten dalanan baraga mengke dalu
jvf_09039_01237769405	lha kuwi dheweke lair lan gedhe ning manchester
jvf_06510_01278760061	ine febriyanti sakmenika dèrèng nate mirsani pagelaran wayang
jvf_06510_00586081378	robin thicke mantun kirim donga dhateng jisiminipun pakdhene
jvf_06510_00882807793	aku nembe ngerti ana sing jenenge honduras ning donya iki
jvf_06510_00184954372	indra herlambang didukani ramane sabanjure mboten nate mantuk
jvf_09039_01354745219	aku njaluk tulung nang richard burton gawe nakokna barang ilang
jvf_09039_00911496403	christ lauren nedhi tulung supaya kula mboten trisna malih dhateng piyambakipun
jvf_06510_01132433374	sarah sechan iki isok ae nggawe wong ngguyu kepingkel pingkel
jvf_06510_00769253010	justin timberlake ngarit nang sawah isuk awan sore bengi
jvf_06510_02032925964	yoshinoya nyediakno masakan jepang semisale yakiniku lan teriyaki
jvf_06510_00611109959	bupati kajen saiki wis ganti anyar
jvf_06510_00612065567	mike mohede arang nyanyi nang gereja amarga ora diundang
jvf_06510_02125437826	mangke wangsulipun miyos kantor dunia tera
jvf_09039_01265335052	ngandhapan ingkang werni jambon niku produksi screamous
jvf_09039_01004757372	red velvet mbideg ae pas ditakoni apa bener arep bubar dhewe dhewe
jvf_02059_00392104802	saben setunggal meter wonten bangunan alfamart
jvf_09039_00766975375	mambet anyir menawi ing tana toraja
jvf_09039_01088312985	demam berdarah wis tekan sorong
jvf_09039_01447141786	pelem bumiayu rasane legine pol
jvf_02059_00799374247	ana kaca sing ditutupi mori ning keraton ngayogyakarta hadiningrat
jvf_09039_01371851446	ayo rek nyambangi david letterman nang puskesmas sukadana
jvf_09039_00781470702	jan jane priye ta ritual sing kaping pitu
jvf_06510_00359430962	sultan djorghi menek wit kelapa ngundhuh wohe mau subuh
jvf_06510_00725525767	gedhung sentral senayan loro nduwe rong puluh lantai
jvf_02059_01068690109	arep ngapa ning taman nasional sagarmartha
jvf_06510_01527375117	badhe tindak dhateng octagon studion kapan kinten kinten
jvf_09039_01343302841	jake gyllenhaal ngentosi sedherekipun dugi saking kutha malang
jvf_09039_00118370747	sikilku pegel nggo mlaku manjat tembok raksasa tiongkok ora bubar bubar
jvf_02059_01640356048	pas arep munggah agra mas aku kepengkok amarga lunyu bar udan
jvf_06510_02018703282	bocah cilik ning kudus wis lumrah karo sing arane rokok lan mbako
jvf_09039_01755081146	keith urban marut kelapa ngewangi bojone masak jangan lodeh
jvf_06510_01470700220	jebul berrybenka kuwi asli njero negri
jvf_02059_00912980070	samuel rizal dipun dhawuhi kaliyan tiyang kathah
jvf_09039_00375632843	morgan oey mangsuli rangga supaya kedhah kesusu rumiyin
jvf_06510_01359292471	ramon y_letter tungka isih ketok koyok arek cilik masio anake wis loro
jvf_09039_01111400482	kaping gangsal nindaaken haji
jvf_09039_01638734805	dewi ngelake pol sakwise mlayu muteri lapangan sekolah
jvf_09039_01456881204	shawn mendes mlebet dados nominatoripun grammy awards
jvf_02059_01572197655	mbake rizky nasar kerja nang nggonane kantorku
jvf_06510_01952458095	njero bis a_letter l_letter s_letter mambune pesing ambring
jvf_06510_01967280337	oppo iku perusahaan anyar sing kudu diperhitungna juga
jvf_06510_01418895180	delon ora mesakke blas marang wong tuwa lan adhi adhine
jvf_09039_00111048686	sing ngati ngati yen urip ning india amarga akeh maling
jvf_09039_00899633595	neutron kagunganipun priyayi jogja
jvf_06510_02101983754	nggih limrahipun si kaping enem_nou
jvf_06510_01284310066	apa jik ana sisa kursi gawe penerbangan qatar airways nang jeddah dina iki
jvf_06510_02049216226	adera niki salah sawijining penyanyi ingkang bagus rupanipun
jvf_09039_01430824234	cedhake ya ana tamrin city sing isine meh padha
jvf_09039_00804777919	ndang solat zuhur wis jam setengah loro awan sedilut meneh asar
jvf_09039_01762876516	langgananku si sinar jaya awit pertama
jvf_09039_01628693328	astuti wegah nukokna adhine sepatu anyar ben sasi
jvf_06510_02012740141	lily allen nyengklak sepeda budal tuku roti nang pasar
jvf_06510_01692097276	dita bar tuku klambi njoboan nang bershka
jvf_09039_01211955186	wingi masuk angin terus tak ombeni madu saka jamu air mancur
jvf_06510_00766312307	mira lesmana umbah umbah dhisik banjur isah isah piring
jvf_09039_00289169310	masakane holycow steak mantep tur nggawe kemaningen
jvf_06510_01860788587	vanessa angel nggadhahi grana ingkang ngundhup mlati uga lathi ingkang nyigar jambe
jvf_02059_01392958331	stadion iki kapasitase enem_nou ewu penonton mangkane diarani stadion gedhe
jvf_09039_01709056979	apa arep mlebu padangbara sukses makmur
jvf_06510_01565016343	annisa trihapsari mutusna nganggo jilbab sakwise dipek_vrb-take bojo sutan
jvf_09039_01641808013	etude house niku anakipun perusahaan amore pacific
jvf_09039_01871138859	korea selatan wis maju artise
jvf_06510_01699237206	ikang fawzi cekelan tiyang merga bingung karepe dhewe
jvf_06510_01951039387	amit amit dhisik yen mlebu tol padalarang
jvf_09039_00410358158	lin dan sampek saiki ijik durung isok dikalahna ambèk sapa sapa
jvf_06510_02121876402	riyaya besar mangke badhe nyembeleh kurban pinten budhe
jvf_06510_01898622932	roger federer punika dipundhèrèkaken lès tenis kaliyan ibune
jvf_02059_01826304936	jay z_letter sadeyan teng_prep peken nanging mboten enten_adj ingkang tumbas
jvf_06510_00306625863	kopi kopi metunane kapal api group paite ora memper
jvf_06510_00388362370	iku temenan ta laptop merek lenovo
jvf_06510_00569606896	pasar slawi badhe dipunrehab dening gubernur jawa tengah
jvf_02059_00587707695	reginipun wos inggil ing sasi februari
jvf_02059_00973665012	kan isih ana masalah p_letter t_letter transjakarta karo ahok
jvf_09039_01160772014	wernane mobile taksi putra nyaru karo sing biru kae
jvf_09039_01886915161	iwak laut ten ikan bakar cianjur radi anyir lan taksih alot
jvf_02059_01737347308	deknen ketampa kuliah ning akitaka
jvf_06510_00183187280	sing werna putih kae nggon express group
jvf_06510_01264566812	agemanipun dijait kalih tiyang jembrana
jvf_09039_01091460656	shandy aulia dipun sukani yuga ingkang sregep uga bagus
jvf_02059_01354677121	pinten regi sewengi nginep teng_prep hotel hyatt
jvf_09039_02061474154	thomas djorghi iku penyanyi kelairan ro las juni sanga las seket_nou-num papat
jvf_09039_01670734614	esemipun sule kados madu pinastika
jvf_06510_01562985896	avril lavigne dikongkon wong sak kampung mbangun mesjid
jvf_06510_00452206538	pasang saham ning klenger burger
jvf_09039_01070898763	malaysia airlines niku arang arang menehi diskon dhateng penumpang
jvf_06510_00877803470	sampeyan sampun ngrantosi mel gibson mantuk dhateng griya
jvf_09039_00656758906	nyarenipun ten hotel dhaerah malabar
jvf_06510_01596021967	sampeyan mboten usah ngangkat telpon saking nomer niki enol wolu siji lima enem_nou pitu wolu enol papat lima telu loro
jvf_06510_00186664851	yen ngliwati kendal aja lali uluk salam
jvf_09039_01587079355	sing putih ana barete biru oranye kae nggon rosalia indah
jvf_09039_01509882154	menawi payakumbuh kinten kinten dhateng bandhara sedinten sewengi
jvf_09039_01138388711	kasut pumamu kok ngreyen ngunu rek
jvf_06510_01193372451	aku ora wani yen dikongkon lunga ning worcester dhewekan
jvf_06510_00645317126	adus banyu laut reged ning ancol dadi gatel dhadhane
jvf_06510_02044775407	misananku arep daftar dadi pramugarine korean air
jvf_02059_01672183671	kan ronaldo bocah asli portugal
jvf_09039_00177615249	siaran radio kala wingi nayangaken diskusi kalih direktur p_letter t_letter torabika
jvf_09039_01772961669	belerang ing gunung tangkuban prau ambune nyegrak
jvf_09039_00014955169	kowe arep ndaftar produser ning citra sinema
jvf_06510_00818576810	bojone cathy sharon nyeleweng ambèk kanca idheke dhewe
jvf_06510_02096664388	hotel fairmont masang standar inggil sanget damel ukuran tiyang mriki
jvf_06510_01840236628	aku cilike urip ning islamabad dadi isih latian ngomong jawa lan indonesia sithik sithik
jvf_09039_01348108451	s_letter k_letter loro iki jan manjur tenan nang raiku
jvf_06510_00635957286	gudel sing kaping papat paling seger buger
jvf_02059_00123252621	njajala tuku dukuran nang alibaba minggu ngarep
jvf_09039_00941841783	aku wis ora tahu mbukak emailku sing yahoo maneh
jvf_02059_02118761918	nggih ès duren ten liverpool niku
jvf_06510_00312936323	minahasa punika dipilah dados pinten bagian
jvf_06510_00296155438	ngedol perhiasaan ning antam
jvf_02059_01273006263	ana pilihan basa inggris ning website tiket dot com
jvf_09039_00421507946	lha jare siswane ana pitung puluh
jvf_06510_01146028292	siti sampun mboten nate tumbas sekul pecel_nou malih
jvf_06510_00726296151	awakmu iku ya ojok ngono lhak sakna matt leblanc seh_nou
jvf_06510_01504951464	sarkem kuwi posisine ning sebelah stasiun tugu metu sithik
jvf_09039_01635482421	teuku rasya niki tasih enem_adj sampun mbintangi kathah filem
jvf_09039_00618072399	lemah ngarep iku arep takdol limang miliar nang wak kaji
jvf_06510_00822238141	mat solar niki sak menika mboten sinten sinten ing mriki
jvf_09039_01306597052	cakra khan mari difoto nang pinggire danau kemuning
jvf_06510_00297377287	yen isuk gunung bromo katon kaya kutha ning ndhuwur awan
jvf_06510_02029574187	munggah jembatan trus nyabrang ning ngarep plaza semanggi
jvf_06510_00750350308	ricky harun sampun kondhang amargi watake ingkang andhap asor
jvf_09039_01550924687	ashley olsen dipunjodohake kalih pak kyai ingkang lulusan pondok
jvf_09039_00333161195	montor mabure njebluk ning bandhara internasional taoyuan
jvf_06510_00369816568	ora entuk nganggo kudung pas ning istanbul
jvf_06510_01200540625	turunane saiki podo manggon ning johor bahru
jvf_06510_00502913287	yadi timo mlebet teng_prep griya mboten mbeta napa napa
jvf_09039_00521346670	nembe tak entas wolulas menit mau tapi durung adhem bakwane
jvf_09039_00646939926	numpak prau karo mangan putu ayu ning banjarmasin
jvf_09039_01072416822	bolu kartika sari empuk tur pulen
jvf_09039_00894533824	ben affleck ngeling eling mbiyen jamane angon wedhus satus
jvf_06510_00319405227	aishwarya rai kagungan plataran ingkang ageng sanget
jvf_06510_01514769176	minyak wangi casablanca mambune ora pati énak
jvf_09039_00691869137	saiki dadi teller bank mandiri ta
jvf_09039_01308721624	jennifer lopez sampun ngarep ngarep dhahar lupis mengke sonten
jvf_06510_01294466973	upacara ngaben biasa akeh ning tabanan
jvf_09039_01010285877	oto lawas iki mereke isuzu panther
jvf_06510_01520664772	cilikan kula mboten nate dijak nedha es krim teng_prep cold stone
jvf_09039_00142948332	jare perdana mentri tunisia ki karepe apa
jvf_02059_01734030575	omahku sing nang ndesa kuwi sandhing pabrik k_letter i_letter a_letter motor
jvf_09039_00180206853	jan tenan antrine ora lumrah nggawe mbedhegel ning pelabuhan merak
jvf_06510_01098141348	mark zuckerberg iku sing ngedegna facebook tahun rong ewu papat
jvf_06510_01954004841	bella safhira tuku wedhak nang pasar malem
jvf_06510_00262732670	lamaran seka doktere kira kira akhir taun rong ewu pitulas
jvf_09039_00393787286	mambengi ana tabrakan pesawat ning bandhara ahmad yani
jvf_06510_00658246591	mbok an ana tiket gratis nggo ning istana versailles
jvf_06510_01396856313	jarak sleman kaliyan bantul radi tebih
jvf_06510_01283439064	sabun pasuryan sebam sampun terkenal dhateng pundi pundi
jvf_09039_00991372627	modem huawei iki cepete jan koyok kilat
jvf_06510_00690037051	gunung ciremai ditunggoni karo penguasa laut kidul
jvf_09039_00476071365	airbus ki tukang gawe pesawat sing gedhe gedhe bodine
jvf_06510_01583519023	mbahku sewengi ngimpi isa tuku montor mercedes benz
jvf_09039_00493136508	ayame ibu ngendog wolu gedhe gedhe
jvf_06510_00458466685	kepingin ndelok sunrise ning bukit barisan
jvf_09039_00361802398	kancaku nduwe omah ning alabama
jvf_06510_00585451595	penerbit mizan mulai ngumumaken lomba adzan
jvf_06510_00500012595	nikita willy iki pawakane endhek lemu koyok aku
jvf_09039_01015045635	sampo ning rudy hadisuwarno salon sak paket karo pelembape
jvf_09039_00290648261	acara apik sing disiarna h_letter b_letter o_letter kuwi apa ae ya
jvf_09039_00083649205	ana lukisan gambar driji puthul ning abuba steak
jvf_06510_00148748725	supire safari dharma raya ora liren sak dawane dalan
jvf_06510_00415481074	aku kok mblenek ndelok gayane dian sastro iki
jvf_09039_01656633433	pabrik listrik ten kosovo sampun bangkrut
jvf_09039_00480288336	pas rejeb akeh wong panen bayem lan sawi
jvf_06510_00795963157	sing mbiyen kae ki apa hirosaki
jvf_09039_01336196220	pahlawan ingkang pejah wonten ing maluku sinten
jvf_06510_00043847166	kuwi nexian asli apa palsu
jvf_06510_01730683508	lha ramayana pusate ditelfon wae
jvf_09039_01463053275	usahane bangkrut pailit pas taun sewu sangang atus sangang puluh pitu
jvf_02059_01494277136	wektu kanggo nggarap ujian kurang limang menit meneh
jvf_09039_00954158302	rita ora buka salon khusus gawe arek lanang sing kepingin direbonding
jvf_06510_00350026793	ariel tambah lemu pas mari metu teko_vrb penjara
jvf_09039_01331409459	anake carissa puteri lucune pol koyok golekan
jvf_06510_01188265585	ronaldinho mantun nyukur rikmane teng_prep nggene salon
jvf_09039_00450988854	kula mboten sumerep royal dutch shell gadhah kantor teng_prep surabaya napa mboten
jvf_09039_00930691578	nitih taksi sampun kalih welas menit argonipun kok mboten mangklih
jvf_06510_01363832594	chris hemsworth ngrantosi pertandingan bulutangkis ing lebete stadion
jvf_06510_01955140166	heath ledger sampe saiki ijek dieling ambèk wong akeh
jvf_09039_00990363546	melaske ndelok situasi ning afganistan akeh mayit pating ngglepar ning ndalan
jvf_06510_00306460026	pasar rebo kui isine wong dodol buah buahan ning pinggir ndalan
jvf_09039_01042179965	gita gutawa gak kenek dikandhani marang wong tuwa
jvf_09039_01663352495	mboten mantun mantun ten tehran
jvf_09039_00154600475	layang iku dawa banget nganti wolung ewu tembung
jvf_09039_00400751388	dwi mesam meseme sakwise disemayani ibuke klambi anyar
jvf_06510_00049683258	aku ya nggrentes atine yen eling kedadean taun sewu sangang atus sangang puluh wolu
jvf_06510_01301980117	lha kuwi jeneng ibukotane kan guatemala city
jvf_09039_00140618765	melanie iglesias ngabari nèk dhekne gak sida lunga numpak pesawat
jvf_02059_01374526634	mozambik sampun diblacklist saking pengurus pusat
jvf_09039_01302248517	dhokter bedhah sing kae mung nduwe anak siji lanang
jvf_09039_02059242660	njenengan kapan badhe teng_prep daleme christian bale
jvf_06510_01375584368	tivine ora murup murup wis selawe menit tak panjer
jvf_06510_01720281172	masku mari ketrima kerja nang british petroleum indonesia
jvf_02059_01499076213	nguntal rempela sing tuku ning warung pasta
jvf_06510_01336771606	risty tagor sampun mboten tresna malih dhateng stuart
jvf_06510_00414403494	ndang diasahi piringe wong ora ana telung menit
jvf_09039_01050561200	mbak infra budhal kunjungan marang stirling kapan
jvf_09039_01405039438	dewi gita nulis layang kagem penggemar ingkang manggen teng_prep amerika
jvf_06510_01182723880	pak guru badhe pindah dhateng banyumas sasi mei
