jvm_07765_01768528034	dbf8ba84-1c98-41aa-851e-c4283ba8e55d	segara caketipun papua singit napa mboten
jvm_01519_01859482440	71232b49-1a37-4f7c-ba2f-c49ec2d081d4	winona ryder iki mbiyen tau katresnan karo adi
jvm_07765_00517156746	bfdc4e77-8610-46b3-8dc5-3614c2734492	aktinge diah permatasari pas dadi momok ancol iku jan fenomenal tenan
jvm_07765_01012846120	76a51b09-25c2-48e0-8c8f-28cf0eb1e692	ayo mlaku mlaku numpak montor muluk etihad airways
jvm_09724_01525898676	8b6d7919-22e8-4e7d-af45-6a220c4fc855	ayo rek ngewangi pak tarno bèn_vrb sulape gawa kasil
jvm_09724_00774573911	e6dcb90b-8544-47c6-87af-af17025f1064	ana upacara penyambutan presiden ning bandhara internasional san fransisco
jvm_09724_01960923307	102c3cc8-ecf6-4dc3-9eb9-04746cfe7d9f	kapan virgin australia airlines didegna
jvm_01519_00601090651	a66ed015-b829-4cc5-9627-dc502270c577	kancaku sing nganggo klambi abang iku putu nomer telu
jvm_07765_00882447339	f01808b9-5923-410f-adc8-e3193947ca3e	wings air kursine sempit ora penak
jvm_09724_00637677454	3cef70bf-46b9-4d32-b8fb-cf9c69ea2b22	balon sing dicekel kaka slank mbledhos siji siji
jvm_09724_00778306017	45c653d1-60a6-43cc-9ef6-9afb2c33a4bf	misananku arep daftar dadi pramugarine korean air
jvm_07765_01126993968	0077078c-de5a-4fc6-b600-9ebe50a2e0d8	taun rong ewu kuwi dikeki jeneng taun millenium
jvm_01519_01968801464	b72b4d3f-5d59-411e-846a-8f27adbf468e	nino fernandez iki jik onok hubungan sedulur ambèk kraton solo
jvm_01519_02052547706	4f019b67-4168-45e0-ace5-f017f8ddda25	kasus lumpur panas kae tanggung jawabe bakrie and brothers
jvm_09724_01465404752	e83f14a2-bb86-4f6a-8b02-933b120f7835	adhiku emoh diwedhaki wedak sing cape johnson and johnson
jvm_09724_01229964081	e9648a44-5806-49a7-8bb1-1ceef29f8f04	tuku ayam goreng kriuk ning c_letter f_letter c_letter rasane kasinen
jvm_01519_01136809136	76faf1bb-81bd-4fb2-872c-3c9dabceada4	ana bis shuttle saka bandhara menyang pusat kuthane kok
jvm_01519_01636995768	97c5e277-76a5-402b-bbcd-1662b5202740	oppo iku perusahaan anyar sing kudu diperhitungna juga
jvm_07765_01338569881	a32af1c8-e0cc-412d-9c79-30aa14a80e35	mboten siyos ten sirkuit indianapolis
jvm_07765_01672400451	8e3203fc-36d2-4b50-a288-1124d9a6e7a3	sonny tulung nggolek godhong suruh ambèk woh jambe
jvm_09724_01209071260	793faa7a-81de-436f-9362-788a6d5fda33	panjenengan badhe tobat yuswa sewidak
jvm_01519_01980796347	aabc0859-0305-46a7-aa77-0609eb81ca49	kulo tepang kaliyan pak bayan wonten ing taun kalih ewu setunggal
jvm_01519_01434988091	fec8377c-e8a4-4b3d-bb61-31c87f154f8c	ana pira kantor total nèng indonesia
jvm_01519_00065406946	c3f7b4ee-e42c-4413-9d93-7ccdc7f93672	kula mantun kecalan yatra gangsal ewu teng_prep dalan
jvm_09724_00703700651	e5329cc9-899f-4525-9af2-0865bb88d238	okky setiana dewi ora gelem nglambeni anake macem macem
jvm_09724_02120438634	f95db6c1-3dc8-464f-b5d2-e3b0d962423a	ersa mayori dikengken ngagem rasukan cemèng kaliyan pethak
jvm_09724_02014865573	a2b51c62-6a95-4966-8ead-d139a9a70be7	korban perang_nou diungsiake menyang nganjuk
jvm_01519_00713325311	0bbd110c-4cfd-4290-85d2-97d3e1530fa1	arswendo atmowiloto lagi nulis cerkak gawe majalah jayabaya
jvm_09724_00930291647	bcd161bf-71c4-45c2-86a8-d86e6a361a58	barry prima numpak jaran sing lakune banter pol
jvm_09724_01153188104	d05a15bf-421b-4c2f-b0b4-4c2014781059	mbak miranda kerr saiki pancen ora ana tandingane nang donya
jvm_01519_00845232055	ccaf1552-323b-4a87-8d29-a33d1ea89cc1	akeh sing ditumbalke pas nggawe dalan tol cikopo awite maune iku alas gong liwang liwung
jvm_07765_00217256973	47b736bd-b0cb-47c8-a79e-25800f5c08ee	babi rica rica masakan saking mandailing natal
jvm_09724_00294509584	98939598-fdc0-4641-9e07-6e43c890a5e2	ès jeruk ning waroeng steak and shake
jvm_07765_01903990162	121de5ad-68c5-46a9-8315-c905ca0b19e2	jaran sumbawa susune bisa kanggo nambani lara jantung
jvm_01519_01049543947	01502d1e-f381-4217-b25e-ff271546e7d2	jambu kluthuk punika asalipun saking missouri
jvm_09724_02015742114	c46c0a46-1efb-4af5-aae5-613443557096	amit amit ndhisik yen mlebu tol padalarang
jvm_09724_01759236636	c7ad6832-5131-46fb-8302-7bf70d5381b8	sampun kula lebetaken kulkas pitulas menit tapi dèrèng anyes
jvm_07765_01166963648	0d482805-e05a-4d4f-ba09-24018f79b8f7	roti o_letter rotinipun raos kopi
jvm_07765_01927573190	1db3e518-2575-4b59-a8a2-caeb5a8414a1	mira durung tau mlebu nang tokone marc jacobs
jvm_07765_00498306384	c79f8b92-6fca-4a1a-b11d-4e5337f691ae	indah dewi pertiwi mular mular amargi mboten kantuk krama kalih calon garwane
jvm_07765_00598889615	9c971691-2919-4a94-a896-cda38119962f	demam berdarah wis tekan sorong
jvm_09724_00982325575	a7605c9f-dbe4-4e5b-b60d-d6729f718d49	kerajaan ning ternate mbiyen diuri uri amarga rajane sing andhap asor
jvm_09724_02031295406	44b1ebc2-5724-44d1-b1ac-c87a6d080248	prasaku kok klambi klambine h_letter and m_letter iki cilik cilik kabeh ukurane
jvm_07765_01799053273	e3ddd979-33f1-4db1-824e-0ee0d9840de9	pengine nenggak ès jeruk jam setengah siji awan mau
jvm_09724_01625975596	808826a6-3843-4b2f-9e49-d2a8ffd6261d	nèk tuku jam seiko mengko oleh servis gratis
jvm_09724_01471596596	7a9c6a0b-9aa9-4993-aed0-2e424f03be6a	pemandangan ning iceland apik tenan
jvm_07765_01682388323	c90d3003-6541-4c8d-a8db-d80f9c6ac212	valentino rossi mboten saged mbedaaken balapan teng_prep sirkuit kalih teng_prep dalanan
jvm_09724_00256303328	5b9a0d57-f0a9-439f-8783-12c15e50d8b9	calon mantune bupatine kuliah ning queensland
jvm_07765_00778057008	3c8c8ad1-3fdc-4123-9e10-c413f1823e1e	kon aja pisan pisan nglarani atine clint eastwood
jvm_09724_02055709172	daadd287-9bf6-4e77-b0c7-ae2230f5bb78	baidu ngono asale teko_vrb cina
jvm_01519_01769015167	884547f0-516f-4fa2-ae11-b1adb258dadb	staples teng_prep griya sampun telas dipun damel dolanan kalih adhi adhi
jvm_07765_01507331581	a134e3ad-fe27-4cb6-b754-264f63785f2c	slimutan karo turu ing njero bis bandung express
jvm_09724_01078236430	0b1edd69-b48c-4d2e-8a9a-79e0c163d02b	mben_adv-every dinten rahmat dipunsangoni ibune arta sekawan ewu ndamel njajan
jvm_07765_00417699045	bc91666c-6367-4a70-ae84-359e70154369	kemal palevi mlintiri kertas siji siji sampe entek
jvm_09724_00845358539	01ce7dae-5eef-440a-98c3-103d23209ff0	langgananku si sinar jaya awit pertama
jvm_07765_01284536808	a00de7cc-3e3f-495d-ae3e-fece7f879b3e	pabrik gula tebu ning cepu saiki wis tutup
jvm_07765_00466387707	bae31e92-e465-4663-a089-1ca7d942a1dc	putri charlotte dilairna nang inggris sasi november taun rong ewu limalas
jvm_07765_01192362422	eef897b6-0862-4935-959f-20e735f0101b	donny alamsyah jarang milih lakon dadi wong susah
jvm_07765_01433832457	31caf31b-21a0-46bb-a8cc-f2e3f692a1e2	golekna promo tiket garuda indonesia teka jakarta menyang surabaya
jvm_01519_01427086904	9fab0219-4974-4be0-bdbf-524f9730c8a1	adele kerep diarani bledhug anak gajah marang kanca kancane
jvm_07765_00921001571	a7d2a902-d76b-4c72-878e-e111c339c27f	ya kuwi perusahaan tambang fajar bumi sakti
jvm_07765_01993809221	91ef05f5-2b1b-4732-a673-46e3d8aed8ce	mat solar niki sak menika mboten sinten sinten ing mriki
jvm_09724_01820992858	217bc111-a18b-418a-8b93-57cb61cd09aa	piyambakipun eriska rein mboten saged medal sakwayah wayah
jvm_01519_01675537031	2c602c38-a1a7-4c22-8065-8560d8869ac8	kathah keturunan tionghoa ingkang gesang ten glodok
jvm_01519_01641752155	e892e5f7-181a-41f7-a1d1-2e39c9dd89e3	arep mbok eling eling nganti kapan kedadean taun rong ewu patbelas kuwi
jvm_01519_01193940341	c63ccbc0-74c4-4090-a1ed-53f319c24712	ndhèrèk tulung pesenake corobikang wolung puluh iji
jvm_09724_00923062524	892c0406-307d-42cd-ba35-e19905f861c9	ora usah adoh adoh tekan ndi ndi wong ana gurun ning gumuk pasir parangkusumo
jvm_09724_00509193841	b6865727-90f2-4111-9b01-c6386e4f369e	etude house niku anakipun perusahaan amore pacific
jvm_07765_00303445266	ff8ffbaa-965e-42be-9c37-35cebc84c0a1	ali zainal mboten kagungan toya ing griyane
jvm_01519_00399064763	1652d4b1-6772-4d92-81a0-cb948397a65b	dadi wong mbok ya sing nggenah koyok russel crowe ngene lho
jvm_07765_00146518743	e076164a-1862-4aa2-9041-ac945db09bb3	kamidia radisti kuwi mbiyen sing nggawakna acara olahraga nang t_letter-en v_letter-en
jvm_09724_01007668411	2e40808f-117b-4ddb-853f-fc1f70f7a3e4	saiki diangkat dadi kepala kantor pajak ning wilayah boven digul
jvm_09724_00914659052	782771af-1eca-4ff5-a05c-229e0e3ab770	deva mahendra sregep sanget anggene bidhal nyambut damel
jvm_09724_00585641756	22b86ba9-4fd8-4446-967f-a139da5933fa	jan janipun pripun ta ritual ingkang kaping pitu
jvm_09724_00870617641	d62187a6-374c-4bf6-b047-4eb9a9eca858	majalah ingkang dicepèng didalaken dening penerbit kanisius
jvm_09724_01700859938	8810a95b-054c-453a-9e06-e66a5ef95292	awake glenn alinskie dadi gedhe lan dhukur sakjoke rabi
jvm_09724_02059149582	af9fd38c-bdea-4e1b-9e6c-fc0943813231	sinten sing nate nitih lufthansa saking jakarta
jvm_07765_00144035544	92e6c231-265e-4d40-8503-34366713df44	samuel rizal dipun dhawuhi kaliyan tiyang kathah
jvm_07765_01747210574	27cffa72-ffe3-43c5-b502-a94ace904a94	tinder niki nggadhahe tiyang amerika serikat
jvm_07765_01430780418	a8ea814f-4278-45a6-97cd-c449d5e8efd1	wiz khalifa rumangsa oleh kabegjan sak sampunipun nembang wau sonten
jvm_09724_01237036273	59f7fd0d-137e-4ce8-a3b5-b205c71dfb47	umurmu iki jik enom lho jik rolikur dadi uripmu jik dawa
jvm_01519_01330542139	b8580bc9-ea84-48d9-8201-b024a2119480	wareg maem soto teng_prep gudeg yu djum
jvm_09724_00261066895	adf90bd7-bbf6-4dbb-8905-47b30e71d09d	central park ora resik lan ambune pesing uyuh asu
jvm_07765_01051862315	cb966b53-9831-4e0e-a640-1409dde58f36	garwanipun panjenengan ngasta wonten bandung
jvm_09724_00257978097	8ced5b7f-789b-4013-bc53-219c37dcd90c	ndelok annisa bahar njoged nggarai awak jantungan
jvm_07765_00697928426	81838980-6f24-43cb-9837-402e7a066bc8	piyambake mboten purun menawa diparingi arta sedasa ewu
jvm_09724_01728734940	8c1a910f-ef32-4752-a19d-3dc0d218b0b7	sirup panas seka p_letter t_letter combiphar ora ngefek
jvm_07765_01879565484	1522032a-61b6-4fdb-9278-769cd086cf34	ana patung yesus ning rio de janeiro
jvm_07765_01199810203	706458ff-df22-406a-9fc6-3a556e2385ab	ngirim surat durung tekan bengkalis
jvm_09724_01977019225	0093b10f-e94e-430f-8792-938130a69efe	pengantene arep lunga bulan madu menyang sri lanka numpak montor mabur
jvm_09724_00141637114	9723175a-72cf-4a23-a58d-248aff28ba8a	pussycat dolls iki lagune apik apik lho jajal rungokna ta
jvm_09724_02147061800	57e2263c-cb2e-467d-a75e-17a180e2a99d	arep balapan mobil ning sentul
jvm_09724_01444658327	a94bf039-f5d2-41e0-b368-0f10a1ca0358	david guetta nyiptakna lagu iku digawe anake sing mati kenek demam berdarah
jvm_09724_00927415425	4ed6afc5-bcb5-4098-955b-0a13e7a5ccf4	amber heard akas nèk dikongkon nandur bayem nang mburi omah
jvm_07765_02041242587	9047552f-7739-4255-9941-7b37176472c1	kantorku sak sabrangan saka kantor p_letter t_letter angkasa pura
jvm_09724_01795953917	8a01bc35-7fda-4d0f-bd85-dbd64aa85457	dhuwek sak yuta kok cepet men_adv enteke sakklemetan
jvm_07765_01052289144	792e29a4-91c9-4b03-b108-2d41e98adc4f	saben wengi panggaweanku mung nontoni discovery channel
jvm_09724_01194807835	2fb6a532-6b24-425f-9e24-1cdff6f03695	sebastian vettel ngadeg ngejer nang dhukure panggung
jvm_07765_01815695832	0e49c6ce-3149-4dc8-9862-c1bbc4eecef7	david beckham mboten tega ninggalaken putrine piyambakan ing lebete montor
jvm_09724_00940832020	b40f0333-263c-427e-af4e-728bc5883cdd	aurel hermansyah melu ujian nasional taun ngarep
jvm_09724_01322070650	419f71bd-3dcd-415b-b36c-cb39367a70fa	dior sampun bikak cabang teng_prep gambia
jvm_09724_00382351696	c58411ed-51ba-4045-9b9e-7c07258db6dd	aliran sing dianut huffington post iku liberal
jvm_09724_00720755175	e0e33484-4b65-4b3f-a00d-bbcd34796daa	dewi ngelake pol sakwise mlayu muteri lapangan sekolah
jvm_07765_01533182893	3b9c6ea1-5b57-4a92-b8e4-3b9b11d67ac8	lala karmela gak kumanan sega jangan gaweane simbok
jvm_07765_02002496592	85f16615-8973-466e-8e08-2d71d41b37a5	sepatu sing ana hake kae wae ning buccheri
jvm_09724_00161600310	3448d5ce-b07c-44a9-b3ad-c14e0df8564b	pegunungan teng_prep arizona sampun gundhul
jvm_09724_02062481310	5d2cffb5-baa7-40f1-bfde-db8ab6f29c0a	kita sedaya sampun nyiapaken sedayane kagem meryl streep mangke
jvm_07765_01292422663	40756d84-b087-43ad-b3c3-2451a7a051d4	jarene tobey macguire iku isa miber lan nemplok nang gedhung tenanan
jvm_09724_00212177494	a1415d73-1ae1-44f5-8fd7-5d719f0b173e	kesah klaten sareng réncang réncang
jvm_07765_01779320005	8afccc39-e55b-47fc-be04-19b9a4d6e6ec	sepadku sing abang kae polygon
jvm_09724_01897440148	9536e4c0-0130-4f11-947a-26e37989c8ff	pas mlebu ulen sentalu hawane krasa beda
jvm_09724_01401860993	4e08dbbc-940f-4291-8fbc-8bad2a917763	kaosmu tulisane kok saru ora kaya produksine joger bali
jvm_09724_01256601475	a440d31a-1751-4225-a705-7300e8a5a2eb	menawi kula leres_adj piyambakipun kesah dhateng brisbane
jvm_09724_00956603222	086518ac-a684-4527-8869-2ba81b5fdb89	tika bravani mulang lare lare ing terminal saben dinten ahad
jvm_07765_01382988121	3eec4994-2833-428e-b2eb-89b9f77fdc93	wong sing dha mudik padha turu sewengi ning stasiun jatinegara
jvm_01519_01999591517	247284a7-0370-43ad-a7c9-aaa338ab8576	ibu kula sampun sepuh nanging tasih sregep maos womens health
jvm_09724_01224086120	ab5f066d-6627-4d96-85ce-b5c92d4f3f09	a_letter i_letter a_letter iku perusahaan asuransi saka ngendi ya
jvm_07765_01666406535	10c68140-57df-4d66-bc26-cd4cb4a35c8a	wulandari iki akeh ngomonge mulane kancane gak pati seneng ambèk dheke
jvm_07765_00313919843	4a51d1fc-379d-449c-af02-14c82f6e0210	sunatan adhiku wingi ditanggapna paramore nang omah
jvm_07765_00329324166	8074d895-9956-4938-8cc1-2a55b4b6654e	jeneng tessy iku asline jenenge anak mbarepe
jvm_09724_00750511306	5461aec3-0866-47fb-829e-7acaddb2ea03	jaja mihardja butuh ban bekas akeh gawe usaha sampingane
jvm_09724_00424991399	685d4f6f-73a0-4697-857d-77201ccec604	mireng mireng badhe wonten banjir bandhang ing ngajeng taun kalih ewu sangalas
jvm_01519_01954499162	125646de-bd26-48f0-a3ed-e158490e8a91	pinginipun nenggak ès jeruk jam setengah setunggal siang wau
jvm_09724_01083823063	51a6ca8a-8a48-48d2-83f0-a34727a7a43a	once mekel_adj-fully didhapuk dadi bintang utama nang pagelaran wayang desaku
jvm_09724_01986081165	10eb1500-26a2-4b84-a2c1-8e58b3f4f394	soekarno tau diasingake ning pulau buru
jvm_01519_01006247318	90b066d3-71a9-4329-b1c1-72ef753cb3d4	gempa ingkang kedadosan ing samarinda dipunsiaraken wonten ing tivi nasional
jvm_07765_01082528274	44787413-aceb-42bc-be12-6cb9b92d5912	margot robbie lali nek_conj dina iki kudu mbancaki wetone anake
jvm_01519_00680661857	c09b658c-c835-405a-a03c-d76416ad4f48	musuem louvre kan bentuke kaya piramida kae ta
jvm_07765_00895219092	4d6618d7-6285-4371-8777-563507fa6318	ibu mboten kersa dhahar daging teng_prep tapanuli
jvm_09724_00112693017	8f818c76-1425-4a23-8c8a-01be4aa19868	ojok lali gawa jaket nèk arep metu metu saiki wis musim bedhidhing soale
jvm_09724_01221132107	bef14afe-f012-437b-95ca-ff63d2576a0d	udan ès ning pangkalan bun
jvm_09724_02089731285	d1a3418f-f8c5-4696-bb55-92f36f0a6126	h_letter m_letter sampoerna kang nduwe yayasan nggo yatim piatu
jvm_01519_00377218613	3b54d271-40d0-47a6-b2ea-66fd7665de42	mangsa paceklik kados menika pas jam kalih welas sing raosipun sirah kulo badhe pecah amargi panas
jvm_01519_01498803105	1eacb7c8-b81a-404f-8eaa-3a5ff49c7a69	shania twain dikongkon ibune ngenget jangan terong ambèk kacang
jvm_09724_00472270715	ef402b35-5b39-4dc3-b562-4181e1b43074	griya eyang putri kula ing pesona kahyangan blok a_letter nomer gangsal welas
jvm_07765_00783607227	b6381c8a-f586-47ee-ab52-e12a4114b4bd	pulau samosir ana ing tengahe
jvm_07765_01888549427	ed674384-26a9-4cf7-878e-25cde591349f	sak pinginmu apa bae ana ning i_letter t_letter c_letter kuningan
jvm_07765_01872761880	93acdd71-0c1b-4375-813e-4ed6c6832b2e	kaping gangsal nindaaken haji
jvm_01519_00431372936	3a6d7fef-4a67-4411-b5aa-de82a328dd60	ambasador kok sepi kaya kuburan
jvm_09724_01456271562	dc2be71e-ec3e-4f5b-8508-4e2d526330da	mboten sisah kuwatir mangke badhe ngawontenaken sosialisasi ing taun kalih ewu tiga
jvm_09724_00518630840	a5e0a803-80f1-48b0-bfdf-a18a3fdc9a3f	sakwise nyanyi evie tamala njujuk menyang omahe ibune
jvm_01519_01071423304	47273175-dc8b-44a1-8d7b-831d1bf94bd8	mito regane murah tapi ora awet
jvm_09724_00308338010	55b2a22f-838c-404d-9bd4-09476c714b25	jodie foster pancet ngeyel nèk duduk dheke sing nyolong
jvm_09724_00249392329	321be9ed-04f2-4a31-97a8-57323341fb39	saiki pantai sigandu ditanduri bakau sak pinggire ndalan
jvm_09724_01765501038	ba1d0e58-3de0-4fa3-b493-645652878e77	restoranipun sampun bikak teng_prep lima
jvm_01519_01801231272	f9495fbc-c977-4d5f-89a6-7f6fe83988ab	sampun mboten usah nggumun kalih yuswanipun ratu elizabeth loro
jvm_07765_01132023533	fc038a68-46aa-41e0-997e-a8288cb941b6	adi nugroho bidal nyambut damel teng_prep pabrik
jvm_07765_00555424348	d6053b41-2343-41b6-9777-2ab276dda672	badhe besuk_vrb-nou keluarga ten burundi
jvm_07765_01373214577	c1b878d9-50b7-4b64-b44f-3938acd1b5d4	iki krupuke selak_adj mlempem wis sangalas menit ora dinyuk
jvm_07765_00524043862	0bc1a1cd-457e-492f-8ce1-68b30838b345	jare p_letter t_letter ultrajaya susune ana sikil kodhoke
jvm_09724_01376736927	17aa8b26-6733-4ba9-b6fd-99a3a40efc56	mundhut duren kalih enceh ten pasar induk kramat jati
jvm_07765_00864603976	7e64b3f2-c4ff-4149-9ff5-38144d56adb0	lajeng taun kalih ewu gangsal panjenengan rawuh sareng garwanipun
jvm_07765_00661161387	a260e11b-99d2-4760-8f54-ae692abd3b37	jack bugg menek wit pelem sing lagi nguwoh akeh
jvm_09724_00851728854	83508b90-4050-4245-a0df-5c1173268541	syaharani nggak gelem nyekel kuthuk blas
jvm_07765_01465720427	13e5515d-aa80-43ad-80d3-bb59da9432a1	melinda nggotong meja jati sakmunu gedhene
jvm_09724_01770692578	8e8ed669-4a1f-4a91-86fc-8932757d1ac3	sedaya pemainipun wonten sewelas menawi bal balan
jvm_07765_00300557088	c6c73995-14d7-4ccf-ac77-af7c6c527922	ternak lembune p_letter t_letter greenfields indonesia lemu lemu
jvm_07765_00861671745	d177017f-2b4a-4a6a-a548-562fd64c877c	nick jonas remen nedha sekul kaliyan jangan lodeh
jvm_01519_01274632370	0e93e9f5-f10e-47f4-a355-61029e0c8669	wingi masuk angin trus tak ombeni madu saka jamu air mancur
jvm_07765_01842394188	3424ada0-92d0-4bc3-b4b8-3c1098c88616	lha awakmu rak mlebu t_letter k_letter taun sewu sangang atus sangang puluh lima ta
jvm_01519_01310118341	b327f07a-deab-4be5-9bad-eca2da677753	sapa c_letter-en e_letter-en o_letter ne repsol pas tahun rong ewu
jvm_01519_01930292894	bc560ada-8ea3-400c-94b5-3bdd1c88b9d8	kotawaringin jawah ageng sanget
jvm_09724_00285517192	7f9c2da4-bfa3-4700-9949-a4b06db7fe2a	rotine p_letter t_letter mayora indonesia rodok sepa rasane
jvm_07765_00312994284	30b2b02a-17d4-4bb7-9d13-22fa28907a08	brussel menika dipun cathet dening pemerintah
jvm_01519_00331126091	6892cad7-fe72-4738-970d-d28cc8d0b852	iki rute terakhire ning terminal kalideres
jvm_01519_01293512933	b450c9ac-75fa-4711-ba77-3a494e063ed3	marissa haque nggandheng putune mlaku mlaku muteri lapangan
jvm_07765_01057337791	d5259604-3468-401b-830a-0161d9c3537d	kutang sing didol victoria secret kuwi jan larang larang pol
jvm_09724_01837330665	43607417-489c-4628-9fce-13506e10f04a	semana uga kirgistan ya sih akeh perang_nou
jvm_09724_00441177430	cdd9e7e4-00eb-40ca-bd99-57ef25b09959	werna banyu ing danau kelimutu bisa mongklah mangklih
jvm_07765_01279852413	46820f54-b2d1-4a68-bbd9-c76aea1e2695	jam telu isuk bapak wis tangi arep nindake solat tahajud
jvm_09724_00123688230	e2c89152-824c-423e-9ae4-3adbccaf7515	mbak rumi nyimpen bakso enem_nou bungkus ning lemari mburi
jvm_09724_01630919254	bafd0aba-9776-467e-a654-7db8454bd781	sedayanipun wonten tigang ewu tiyang ingkang pejah amargi paprangan
jvm_01519_00318689356	33280f38-e020-4615-8f14-59a9285501ea	mboten mantun mantun teh tehran
jvm_01519_00508923795	2a92c4d2-8c5b-4e03-abed-bf35a683354f	rawuh wonten pemalang jam pinten
jvm_01519_02011704104	05ea1e5f-8f5d-4e20-80ed-29113b17aa61	jam kalih enjing wau kula mireng wonten ingkang nyuwun tulung nangis nangis
jvm_09724_00453979532	02f688d0-12b9-4aa9-bea0-904233d5f113	mobile cititrans kaya roti tawar bentukane
jvm_01519_01406767236	6ef62569-3292-412a-ba3d-9cdebfcf3e5d	memes igit igiten ndeleng anak anake sing padha tukaran
jvm_09724_00109249576	edc24dbb-4445-476c-adf5-6c1b28bdc109	khrisna mukti saiki dadi anggota d_letter p_letter r_letter bagean komisi olahraga
jvm_09724_01175366176	26eddbb3-16be-433c-a0e4-4b2f46491b8c	sak nalika ning sragen papasan karo bupatine
jvm_09724_01997754830	2cd1408e-3c97-47f8-b0ab-9848f2720742	ngekos ning kebayoran baru ora aman
jvm_07765_02102236813	ec434ce1-9069-46ef-bebc-0f46d554f0ec	deborah apa sing wungu nom kae
jvm_01519_01713940195	b951e34c-18af-44e6-8396-a745dd7299f4	pelatih michigan duka sanget nggih
jvm_01519_00694923606	45fa3898-3119-4219-86ff-6fcdc6ddde2a	natasha wilona gègèr karepe dhewe perkara gak duwe dhuwit
jvm_09724_00063084846	652c5889-26e5-481b-b69e-79fe4e45fbe3	sir alex ferguson mek isok tenger tenger ndelok kelakuane bojone
jvm_09724_00855088407	93e0f6e8-ebaa-4f42-82d6-24b4f0efb94f	kejem tur medeni kabeh pandhuwure korea utara
jvm_01519_00956083692	b00f8e7b-b84f-4431-a0c6-a0a9cab18f79	kapan pixar bakal ngetokna filem anyar maneh
jvm_01519_00491410097	8a9f7e22-1db7-4de2-ac15-39d1e25ef6ea	tivine ora murup murup wis selawe menit tak panjer
jvm_09724_00102459494	67199ffb-e1ef-44db-b681-ef3263dde9ed	nyarenipun teng_prep hotel dhaerah malabar
jvm_09724_00486522540	b4ea04fb-5f5d-44f0-b9c6-25e8ba81c9ac	jennifer dunn ngakoni nèk ana rasa tenanan karo pengacarane
jvm_09724_02088411179	aec071c6-01a8-448a-9b96-7cd4c6d810bb	giselle bundchen sampun diwangsuli nanging mboten ènten wangsulan
jvm_09724_02053637534	097dc60c-e658-4f36-894c-d87c7ba305e4	luke hemsworth ningali pertandingan bal balan ngantos dalu
jvm_01519_02022997607	18bfd4b4-1e66-4985-93f7-20d14b683bed	sanjange calvin klein kula mboten pareng medal kalih sinten sinten
jvm_01519_01697725441	fa703f19-db7e-42b4-a12d-a70c077a330d	taun rong ewu kuwi dikeki jeneng taun millenium
jvm_07765_00411766761	68494f8a-4247-442d-9a07-ff2dd92f6b86	nikita willy iki pawakane endhek lemu kaya aku
jvm_09724_01561055565	7b73b94c-cc4b-4a65-b0f8-7b6e36d8cca8	amanda seyfried lagi maca kitab pepak basa jawa
jvm_09724_01792652677	40b3c7b9-bd54-40c4-ba57-ff7e6eeabb8a	louis thomlinson dipèk anak ambèk tukang gawe keris
jvm_09724_00745900189	de4909cd-8f4d-4e6d-9437-0e81a582052b	sampun ngantos mboten angsal anggen teng_prep dominos pizza
jvm_07765_01205916618	3de81f59-5bdc-4f78-8af7-98c0ad4bd762	salah sawijini produke bayer iku ya obat nyamuk baygon iki
jvm_07765_01048309245	e2a836f0-f72a-46f6-8bd6-97438227ca73	virzha ora kanti ngenteni wedokane ganti klambi
jvm_09724_01193146049	d53ee98d-e7ca-45b8-8e49-a5a176bf3269	tales bogor diolah dados jajanan ingkang disade lapis bogor sangkuriang
jvm_07765_00361785744	412bde37-d4ee-4f4a-b79f-0119836ff7d0	anak putune jaya group sugih tekan engko kiamat wis
jvm_07765_01730167195	a9ed5168-c45c-4bf2-8b8b-02dfa228c1ff	sri mbayi nang tengah tengah wong sing lagi ndelok konsere abba
jvm_09724_00565901555	1de38eca-e14e-4b24-99db-cc03388dfd55	mundhut tales teng_prep bogor
jvm_09724_00201688309	3bd789c1-d362-4c78-8ab1-8e261501cabe	numpak prau karo mangan putu ayu ning banjarmasin
jvm_09724_01787094938	69138efc-d445-483a-87c1-935f236274fd	kula sakmenika sampun numbasaken ashley judd ageman
jvm_07765_01945748644	7c6a474c-c8af-4fc0-9749-9c49d2a4e185	pinten regi sewengi nginep teng_prep hotel hyatt
jvm_09724_00883646332	36e3c4e4-2320-454a-9cfd-5ef8c516388f	mireng mireng jisimipun lady di mboten disalataken dhateng mesjid
jvm_07765_01219180796	02c0f85b-3957-405e-816f-4132033e209e	zentrum saiki wis nganyari
jvm_09724_01585878465	6bf07fd1-8755-4206-a37b-89367fa4f8f3	anne hathaway lair dina rebo kliwon neptune limalas
jvm_01519_00830091417	737bc972-5be8-4e12-a163-014d680cc53e	pemenang lomba gamelan saking grobogan
jvm_01519_00311184818	6534b60c-ca1c-42f1-a46e-4f2bab988c58	bal balan wong wedok nyambut pitulasan dianaake wali kota solo ning stadion manahan
jvm_09724_00458325993	b0b8a26f-0263-46a8-ac73-c991dfaa471f	napa panjenengan badhe dandan ngantos nem_nou menit
jvm_01519_01847361319	74ece5f9-719d-46c6-bb9f-fc491211feb8	rame bocah bocah mangkat sekolah jam pitu isuk saben dina
jvm_09724_01881980899	9e6c9692-2f0a-49ff-9daf-e0beda229552	mitsubishi manggoni gedhung sentral senayan siji lan loro
jvm_01519_01447043241	0d070e5f-c041-4d36-9cc3-74997d511013	johar baru sak menika sampun jaya
jvm_09724_00170236794	6cc07d16-d568-498f-b315-8d5ae1778843	jemuwah kliwon ning masjid istiqlal akeh wong nggelar dagangan
jvm_07765_01852746888	d00411de-a857-487e-aa51-bf3628c946d9	addie m_letter s_letter ngeterna adhine berobat menyang puskesmas
jvm_07765_00250440946	4b320d84-fe1b-47ed-adcc-84f394e13d16	apa ana montor mabur tiger air sing ceblok selama iki
jvm_01519_01527544075	3c63d731-88de-4e52-b93b-04d510b1ecd3	paling pas pancen ning rakuten belanja online apa wae ana lan murah
jvm_09724_01351745959	e1a322ff-5993-4b3e-9a52-3460a07f296b	ibuku males ndelok kelakuane marshanda sing plin plan
jvm_07765_01366106898	f306a932-61b9-465b-bb03-2dac53cf5790	jihan fahira ndherek pengajian sesasi pisan ing komplek griyane
jvm_07765_01851926883	8cd04d90-c588-49e4-b7e0-8d6ef32c2529	obat sing tak ombe kae tulisane produksi kalbe
jvm_07765_00543859190	f17e33d7-6f3e-4102-b62e-8c737971e9c4	ngrasakna tuku sepatu merek aldo isok gawe sepatu ae wis untung untungan
jvm_01519_01179571789	84e46d58-afd3-4070-bb61-11ac6c7afff8	megan fox mboten ngertos ukara niku napa
jvm_07765_00711349782	197ff93c-cb05-4fb7-93ab-8fceecc8e7c6	p_letter t_letter senayan punika ingkang kagungan gedhung sentral senayan kalih
jvm_07765_00882909309	34f3f649-9693-4740-bad5-7dfd66cbb38e	rina hasyim ngundang anake tanggane sing baru selapanan
jvm_09724_00123290452	a34143e4-e667-4af4-b10c-8ce3ed6c9fdb	rossa pegatan ambèk yoyok tahun rong ewu sanga
jvm_09724_01280467981	93298e8b-4bad-41b1-b93d-68b56367fe5e	yasmine wildblood mundhut rasukan abrit kaliyan cemèng
jvm_01519_00979130632	2158879c-4020-415e-a601-ae00203201c1	christ lauren nedhi tulung supaya kula mboten trisna malih dhateng piyambakipun
jvm_01519_01118502191	98bbc099-fea0-4540-8904-456f02aebf42	rihanna mung dipriksa minangka saksi kanggo kasuse chris brown
jvm_09724_00449423509	9206943c-f21b-45aa-bc4c-6ce97a00228d	wis ping pira ae dewi persik rabi
jvm_09724_01680860479	155b6485-ec01-4b54-a27d-d0bf0580bfc7	krungu krungu rolex iki jam paling larang sak ndonya
jvm_09724_01096655442	0eab3c52-3e20-4207-96cd-c7bcb7c0e03e	penerbangan saking cikarang napa ditunda
jvm_09724_01765223117	aa2c613a-0204-42de-8ff3-15e5c7fb0d96	venna melinda sampe saiki isih tukaran karo bojone
jvm_07765_00870976834	6b21aa91-45dd-4696-bcd8-2260a639cbec	gudel ingkang kaping sekawan paling seger buger
jvm_07765_01169722904	2ad065d2-1112-4484-a2c9-c8715cd2aaa2	maca berita seka telegraph iku isa nambah kekawruhane awak dhewe
jvm_09724_01870052194	8483ed99-a107-4882-a538-81e8c7cc9f4a	fariz r_letter m_letter riweh tandang gawe nang loteng omahe
jvm_09724_00580363410	a02e1418-e182-4146-90d0-0a74793552ab	piyambakipun matur badhe sinau teng_prep dompu
jvm_09724_00823081773	726e370c-105a-4d2d-bbca-28b281c58ab1	pandu logistics nyediake jasa kurir
jvm_09724_00888698706	9a6710e3-6bb3-47be-80c5-e0aaaabce3dc	cowek ingkang kangge ndamel bumbu ten seribu rasa gumpil
jvm_09724_01196631123	0430ed66-289d-470e-92b6-eb05018171da	mangan sop iga sapi ning pelabuhan cedhak kota malaka
jvm_01519_01074976674	d88bf0f7-315f-4857-8ca9-5a14ee8b7b6c	mbak citra sampun setaun dèrèng wangsul saking alor
jvm_07765_01510765964	e17a4d4d-888e-4b79-ba4c-f8a65a4cd80c	bubur sinar garut nambah menu dadi akeh banget
jvm_09724_01587523057	6f032bb1-5443-443e-9bda-06bbf771cefd	badhe manjat gendhèng griyanipun budhe ingkang teng_prep spanyol
jvm_07765_00083376018	094f7a88-ea66-412d-b149-e87f7c0e84b1	bumi serpong inggih menika usaha teng_prep bidang properti
jvm_07765_01650023912	f647dd74-8f25-45a5-ad87-d2cdfcc9cfab	century lagi keentekan sabun gudik
jvm_01519_00244746923	0457a163-0b1f-4133-a229-f9d9cec55487	peru wis semingkir ning babak pertama
jvm_01519_00452078417	d7bb3df7-caf5-4d0e-b0b8-bb447d3608d2	kawasaki wis suwe durung ngetokna produk maneh
jvm_09724_00625026543	74bf6b40-8eee-47ae-8c99-55ff89eb8564	nirvana sakmenika badhe ditumbas kalih bambang soeparmo
jvm_07765_02041341642	ea933d94-f207-457a-97b0-900d88fc4e69	bangunan rumah mode ketingal megah nggih
jvm_07765_00459296210	879d7672-a361-4385-9872-6ba303027195	menawi mlebet ankara mboten pikantuk visa
jvm_09724_01872352501	bdce5164-df52-4302-8f53-bd1377b3e6f7	vanessa angel nggadhahi grana ingkang ngudhup mlati uga lathi ingkang nyigar jambe
jvm_09724_00652396220	69ff179e-cce9-450e-a796-4eeb998be81f	denada mboten tepang kalih tiyang tiyang niku
jvm_09724_01592537518	fb519c34-0770-4fc7-8924-704d9ac40f5e	mbake rizky nasar kerja nang nggonane kantorku
jvm_09724_00662825466	568de152-a6b6-4525-ab5d-2d5ce951737d	universitas jendral sudirman anane ning purwokerto
jvm_09724_01980586437	90f599f5-bce6-4c26-94c5-c65cff8ff597	tuku sepatu lokal lan awet ya ning pasar cibaduyut
jvm_07765_00634968709	2f5394cd-8c0a-4aed-a11c-8c80a4831609	esemipun sule kados madu pinastika
jvm_01519_00743729803	e5befcd7-c367-43b9-9566-a45f030ba331	bedane karo pinjaman b_letter t_letter n_letter apa ya
jvm_09724_00584879693	fd95628e-9fed-4a2a-ba3f-9329a6764353	christina aguilera nyekeli rok cekake sing keterak angin nggebes
jvm_01519_00167130742	cb8c7b8e-a0a0-47a1-948a-6df62c9492ff	pak bupati ngajak lare lare dhahar teng_prep mang engking
jvm_01519_00566579067	1dceec37-4eac-4b5f-8890-633fdc64df11	upacara gendera arep dimulai jam wolu isuk
jvm_09724_01651449753	7cb489f3-7e0c-4ca5-85c8-675a82413703	bintaro menika sanes kutha ageng
jvm_09724_02078011304	76ed340f-70bf-4a98-8e6f-ef663bf8cdca	adhiku sing lanang laire tahun rong ewu
jvm_09724_00440141921	df9e2c3f-7696-4942-b943-1f4c77e4b083	randy pangalila ngenteni pengumuman saka kedutaan suwe banget
jvm_09724_00795238412	e605397a-36dc-4d86-8516-71fe1f1e9256	orang tua ngetokake bir modhel luar
jvm_01519_00188565600	22c43540-3dd4-45dc-813f-1c03fdf5d06f	wis jan ciptaane gusti allah apik ora lumrah ning gili trawangan
jvm_09724_00819200014	62905fd7-e701-4d6f-a8c9-043161d9c81e	boneka poppy biyen diperanke ambèk diana pungky
jvm_09724_01332460150	d428ddbd-aa7c-40b8-892f-91b5188cf5b7	prima jasa ditilang pulisi amarga nyalip liwat kiwa
jvm_09724_01441533675	46d1f779-179a-44c9-98b5-e689733c57f9	nek_conj awakmu macem macem tak warahna courteney cox lho
jvm_09724_00756506269	30eb53e0-1ed3-4d89-8b26-3d2d3f09ff67	freddie mercury budal ngetan jarene arep ndandakna motore
jvm_01519_01667798009	d61808e9-0600-47fc-a00a-0bdf69caa930	wedhakipun skin food cocok kagem kulit tiyang enom
jvm_01519_02105151430	0aad9b8a-1881-4d65-95e5-e84c50657194	surya saputra nggendhong anake ngalor ngidul ngetan ngulon
jvm_09724_00535514088	05e0de36-bc65-476c-a310-f11e024415f6	acara apik sing disiarna h_letter b_letter o_letter kuwi opo ae ya
jvm_09724_00890267688	9f62bf10-d445-46ae-95e0-499b6fe862de	pejabat sing paling dhuwur ning yozawa sapa jenenge
jvm_09724_00582237761	f3c4ef01-ed52-49af-b6d1-deadce2e6287	menawi badhe mirsani balapan kedah mirsani tayangan jam kalih seprapat enjing
jvm_07765_01936321005	57808fc1-628b-4a49-ab1b-69faeed7d275	kopi kopi metunane kapal api group paite ora memper
jvm_07765_01245579400	6c996336-b3e8-4596-8872-5986c8e3db81	agus ngaku ngaku dadi anake pak r_letter t_letter ben isa oleh warisan
jvm_07765_00791951293	7355e1fc-3584-484a-a967-5c3c34067121	gemblong bu juju menika kathah disade ten serpong
jvm_01519_00171181608	1ad4bd2e-2a16-4322-9948-6c986a4d1db4	erna mari tuku montor suzuki pas nang pameran wingi
jvm_09724_00583046046	0d884d38-54f7-4d31-b1f8-1efca6a9ad72	nedha ès grim teng_prep haagen dazs saged kalih linggih teng_prep dalem tokonipun
jvm_09724_01286052015	9b6aa2ed-c2ba-475b-9a72-b2630fee800a	celananipun namung wonten ten croozt
jvm_09724_00313851806	3ab9bfc1-5cb3-4a69-8ac3-7af0638987db	mbok ya transit sik ning bandhara internasional ataturk
jvm_07765_00493891118	f7837ff5-3838-44b4-91c7-458179af51e0	saiki stasiun ambarawa wis dadi museum
jvm_01519_00846589633	3517cdd6-095f-4c03-b8cf-67814bc61924	mbak esti dados pelayan teng_prep toko naughty
jvm_07765_00534340223	c5557396-4b6e-425d-af17-7f40d96531d6	mangke wangsulipun miyos kantor dunia tera
jvm_09724_01737791103	cf2f4010-43df-4323-9ab3-69ca1c7bc70e	ne yo diluk engkas arep comeback ambèk lagune sing kontroversial iku
jvm_07765_00282479978	b3027d48-a4cd-4510-be0f-8a844619d895	pak lurah biasane mlayu mlayu dina kemis isuk
jvm_01519_01648183131	104e0bf4-211c-42e0-a0d1-9d85adff45e2	menawi kerang ingkang eca padhos ten warung
jvm_01519_01530900472	383822ec-d43c-4a41-a679-0826d6c197b5	meja ingkang panjenengan pundhut jumlahipun seket_nou-num iji
jvm_07765_01446634386	89e0b8b4-8901-484e-a45f-658a631ad0d2	machu picchu ki sakjane isine mung watu sing bentuke ora nggenah tapi ketok apik
jvm_07765_00891490900	c400659d-cdad-4fb0-a7c2-800afc6a8e62	usia minimal yen arep ndaftar relawan iku patang puluh taun
jvm_07765_01792446307	74878daf-b119-4eef-b515-83a0280a1fb8	potonganmu tambah mbois pas nggawe sepatu reebok iku
jvm_09724_00599660279	58abd89d-f73e-4d57-967b-e87160132666	njenengan kapan badhe teng_prep daleme christian bale
jvm_07765_01563665272	586c3f77-e4ff-46f5-bfd3-a30ae0c69806	kathoke giovanni adhem gawen gawenane
jvm_07765_00983812511	4c4b6200-143b-430a-b69e-5ab7408aa14f	yen pingin aman ya mending asuransi jiwasraya
jvm_01519_00378733424	0988cefe-eb47-4714-9958-66dc5d5858a0	bahama karo negarane dhewe sugih endi
jvm_09724_02054135522	4c9a02f0-1af5-452d-890b-306e6fe7da5d	candi prambanan kuwi nduweni garis lurus menyang laut kidul
jvm_09724_01804359491	39f15e55-e75e-4048-8cde-6e8a56b9fe67	paling pas pancen ning rakuten belanja online apa wae ana lan murah
jvm_07765_00736771400	3a8f23bd-e314-4f9b-bd25-89dd411d6bb9	sing nggo syuting the hobbit kae apa ning selandia baru
jvm_07765_01887533403	77f84589-8970-472d-81ee-137eca61fbdd	portia de rossi sampun mutusaken mboten ajeng nggadhah yuga saklawase
jvm_09724_01390379119	eab8abc2-f46e-4de8-b244-a8e282dbcfa9	tiyang mriki kathah kang mboten semerap naver niku napa
jvm_07765_00820197700	cf148ecd-89a5-4ad4-a9ca-aeaffdc54ec7	fotonipun dijepret teng_prep kebon plataran dharmawangsa
jvm_07765_00582459717	26c65223-7f2c-4137-9f3a-676675b18598	kucingipun mbah darmo nglairaken gangsal lucu lucu
jvm_09724_00093236343	350639d3-6244-4de3-8edd-ed529119f0d5	gerejane ana ning sak lore taman nasional fiordland
jvm_07765_01252522537	d9236f15-238a-47b2-92b0-0380ef5e220a	liga bulgaria disponsori dening perusahaan rokok
jvm_07765_00958406549	9a29df80-8fdd-474b-b1a3-dffb560df135	gedungipun sampun dipunrehab lan sak menika niku kaping sedasa
jvm_09724_00948732963	48187f03-8fd1-4caa-9153-da58f153dd54	apa diadora uga mroduksi kaos singlet
jvm_07765_00601548795	b975c893-e62e-484c-b66d-9f08738cd5fc	apeme dikukus sak menit meneh suwine
jvm_07765_01525999723	da724e0a-b68f-494a-b51b-feba5716df53	sumber banyu ing gunung sindoro sumbing wis sat
jvm_07765_01403272126	07068153-bc80-4439-a1b9-7d1ea8e47d59	kompas gramedia pancen top tenan
jvm_09724_00790996449	1fce117e-c405-4a3e-9dfe-36bf36d87d3c	menawi tasih mboten sreg njenengan saged kandha teng_prep kantor pusate pearson
jvm_07765_00494020328	532f2f29-b907-4fd2-90b8-555403be311d	juni mangke artanipun telas
jvm_09724_01384043946	38e7c141-6ccf-4763-a537-799f7c4ba4aa	slamete omahe rooney mara nggak kenek udan awune gunung bromo
jvm_09724_01914705772	d2b45447-d4ee-4582-a965-d5e80865656b	pingine turu ning fukushima tapi pakdheku emoh
jvm_09724_01365346142	75e90c13-6716-4ee0-a7e2-843aeba1452b	kula ngarep arep supaya rio haryanto dipun undang dateng tim mclaren
jvm_07765_00118293044	b3cdfd0b-2221-4879-9939-bb358dfafc7b	kula badhe ten kantor pos sekedhap namung gangsal welas menit
jvm_09724_01639856928	3182e574-3973-446d-9245-34df94d5fc30	ridho rhoma gawe roti saka glepung endhog lan banyu
